<?xml version="1.0" encoding="UTF-8"?>
<project-private xmlns="http://www.netbeans.org/ns/project-private/1">
    <editor-bookmarks xmlns="http://www.netbeans.org/ns/editor-bookmarks/2" lastBookmarkId="0"/>
    <open-files xmlns="http://www.netbeans.org/ns/projectui-open-files/2">
        <group>
            <file>file:/D:/Users/lucas/Documents/NetBeansProjects/AED-2/PARCIAL1-PARTE3/PARCIAL1-PARTE3/src/Parcial1.java</file>
            <file>file:/D:/Users/lucas/Documents/NetBeansProjects/AED-2/PARCIAL1-PARTE3/PARCIAL1-PARTE3/src/Producto.java</file>
            <file>file:/D:/Users/lucas/Documents/NetBeansProjects/AED-2/PARCIAL1-PARTE3/PARCIAL1-PARTE3/src/productosCompras.txt</file>
        </group>
    </open-files>
</project-private>
